{
  "index": {
    "title": "Basic techniques"
  },
  "show-hide-action-bar": {
    "title": "Show and hide the ActionBar"
  },
  "translating-toolbar": {
    "title": "Translating the Toolbar"
  },
  "parallax-image": {
    "title": "Parallax image"
  },
  "sticky-header": {
    "title": "Sticky header"
  },
  "flexible-space-toolbar": {
    "title": "Flexible space on the Toolbar"
  },
  "flexible-space-with-image": {
    "title": "Flexible space with image"
  },
  "filling-gap": {
    "title": "Filling gap on top of the Toolbar"
  }
}
